po_id,requester,approver,line_items,unit_price,cost_center,ship_to_address,contract_reference,total_amount
PO-2026-00794,Sherry Gregory,Joseph Franklin,Drive integrated e-markets; Embrace seamless mindshare; Exploit killer functionalities; Architect virtual technologies,1696.35; 135.15; 1326.50; 2355.92,CC-9052,"USS Aguilar, FPO AE 83069",CTR-2025-55407,56565.25
PO-2026-51882,Carlos Thomas,Lisa Collins,Visualize 24/7 web services; Harness b2b web-readiness; Streamline dynamic communities,957.73; 1227.45; 640.48,CC-3879,"42022 Timothy Drive Apt. 215, Laurenberg, GA 11717",CTR-2022-08001,29140.71
PO-2026-68103,Johnathan Little,Kimberly Solomon,Visualize impactful content; Innovate out-of-the-box channels; Transition visionary platforms; Grow cutting-edge infrastructures; Matrix b2b e-markets,1115.16; 1557.81; 1323.79; 186.04; 2235.65,CC-1542,"81861 Rice Mill, Burnshaven, VA 24130",CTR-2025-08001,91601.72
PO-2026-63344,William Knox,Deborah Mitchell,Enhance back-end e-markets; Evolve granular architectures; Disintermediate killer partnerships; Disintermediate virtual networks; Optimize open-source metrics; Grow end-to-end content,1615.87; 1944.98; 1122.83; 1285.79; 2248.02; 119.24,CC-9896,"906 Lawrence Loop, Lake Vincentfurt, MA 13441",CTR-2024-99508,101876.70
PO-2026-44459,Stephanie Holden,Stacy Davenport,Mesh virtual channels; Aggregate end-to-end supply-chains; Incentivize innovative solutions,334.74; 2188.76; 247.50,CC-3001,"1481 Carter Crossroad Suite 520, Williamsmouth, DE 97955",CTR-2023-99912,57288.24
PO-2026-72193,Tyler Odonnell,Timothy Calhoun,Syndicate holistic channels; Orchestrate open-source infrastructures; Empower back-end experiences; Revolutionize innovative communities; Engage b2b e-commerce; Monetize e-business content,1116.49; 582.98; 685.52; 1514.16; 2249.38; 2316.63,CC-6273,"262 Eric View, Charlesborough, WA 11497",CTR-2024-09040,102595.63
PO-2026-49902,Gary Hughes,Riley Fischer,Reinvent out-of-the-box niches; Extend enterprise eyeballs; Synergize robust web services; Transition revolutionary eyeballs; Facilitate transparent relationships,600.49; 62.23; 668.96; 1317.72; 1985.50,CC-9006,"1414 Macias Points, South Nicholas, OK 47289",CTR-2021-31215,57002.46
PO-2026-42762,James Hall,Manuel Munoz,Re-intermediate efficient action-items; Optimize bleeding-edge e-commerce; Disintermediate cross-platform convergence,418.75; 2042.39; 1501.65,CC-7684,"5179 Morgan Harbor, Danielchester, KY 02425",CTR-2025-07670,50683.03
PO-2026-51786,Terry Peters,Taylor Kelly,Engineer user-centric vortals; Unleash 24/7 applications; Grow one-to-one web services; Engage proactive deliverables; Cultivate impactful supply-chains,876.93; 2329.17; 1279.85; 2296.10; 1135.15,CC-2773,"592 Obrien Flat Suite 266, Gonzalesborough, FM 36953",CTR-2024-83865,106171.27
PO-2026-42899,Rebecca Logan,Brandon Bailey,Monetize end-to-end channels; Reinvent killer functionalities; Grow intuitive infrastructures; Facilitate enterprise applications; Facilitate interactive schemas,1971.83; 50.54; 2338.46; 335.36; 2432.17,CC-8273,"2042 Laura View Suite 084, North Dylan, MD 88374",CTR-2024-80780,68799.00
